,北京,天津,石家庄,呼和浩特,太原,沈阳,大连,长春,哈尔滨,上海,南京,杭州,宁波,合肥,福州,厦门,南昌,济南,青岛,郑州,武汉,长沙,广州,深圳,南宁,海口,唐山,秦皇岛,包头,丹东,锦州,吉林,牡丹江,无锡,扬州,徐州,温州,金华,蚌埠,安庆,泉州,九江,赣州,烟台,济宁,洛阳,平顶山,宜昌,襄樊,岳阳,常德,惠州,湛江,韶关,桂林,北海,三亚,
北京,0,135.76,291.13,481.23,506.91,683.79,836.21,968.74,1237.41,1210.44,1036.38,1269.31,1351.55,1039.14,1897.31,2080.45,1429.32,425.42,661.45,702.36,1147.04,1493.73,2165.16,2227.34,2356.42,2735.87,178.68,290.44,661.84,886.5,474.3,976.51,1438.87,1113.36,983.98,714.23,1586.96,1442.7,896.03,1193.93,2065.02,1296.34,1809.81,734.03,596.66,798.97,833.03,1291.67,1056.79,1326.8,1431.84,2131.6,2570.8,1954,1977.56,2567.52,3015.85,
天津,132.96,0,314.23,608.55,530,666.76,819.18,951.71,1220.38,1083.98,904.05,1142.85,1225.08,945.61,1770.84,1986.92,1366.88,331.88,534.99,709.18,1131.68,1478.36,2149.8,2164.91,2341.05,2720.51,129.93,273.41,789.15,869.47,457.27,959.48,1421.85,986.89,857.51,620.7,1460.5,1316.23,802.49,1100.39,1935.79,1233.9,1747.38,607.56,503.12,805.79,829.06,1276.3,1041.43,1311.43,1416.47,2069.16,2555.44,1928,1962.2,2552.16,3000.48,
石家庄,291.67,315.51,0,574.19,233.51,959.23,1111.66,1244.19,1512.86,1115.09,912.48,1173.96,1256.19,915.24,1782.4,1895.84,1228.58,301.52,641.63,424.5,891.89,1226.76,1898.19,2003.2,2089.45,2468.9,422.41,565.89,754.8,1161.94,749.75,1251.96,1714.32,1018,888.62,590.33,1491.61,1347.34,772.13,1070.03,1880.41,1095.6,1609.08,735.25,472.76,521.11,555.17,1024.23,789.36,1059.37,1164.4,1930.86,2303.83,1686,1710.59,2300.55,2748.88,
呼和浩特,482.9,613.34,573.4,0,522.86,1167.73,1320.15,1408.18,1676.86,1688.02,1513.96,1746.89,1829.13,1523.83,2365.93,2479.38,1812.11,903,1139.04,955.81,1457.25,1745.17,2416.61,2521.61,2607.86,2987.31,662.62,774.38,186.03,1370.44,958.24,1415.95,1878.32,1590.94,1461.56,1191.82,2064.55,1920.28,1373.61,1686.11,2463.95,1679.13,2192.61,1211.61,1074.24,940.1,1062.36,1510.51,1275.64,1598.36,1650.68,2514.4,2822.25,2204,2229.01,2818.97,3267.29,
太原,505.55,529.39,226.47,525.43,0,1173.11,1325.54,1458.07,1726.74,1325.83,1093.08,1356.06,1466.93,1001.24,1843.34,1956.79,1289.53,512.26,852.38,433.23,934.66,1222.58,1894.02,1999.02,2085.27,2464.73,636.29,779.77,589.73,1375.82,963.63,1465.84,1928.2,1228.75,1099.37,778.24,1680.24,1521.72,908.63,1163.53,1941.36,1156.54,1670.02,945.99,683.51,417.51,539.77,987.93,753.05,1075.77,1128.1,1991.81,2299.66,1682,1706.42,2296.38,2744.71,
沈阳,686.68,672.73,959.56,1165.85,1175.33,0,389.28,292.96,561.64,1734.14,1554.21,1793.01,1875.24,1595.59,2421,2636.9,2016.87,981.87,1185.15,1359.17,1781.66,2128.35,2799.78,2814.89,2991.04,3370.49,544.6,407.56,1346.45,252.52,225.92,300.73,763.1,1637.05,1507.67,1270.68,2110.66,1966.39,1452.48,1750.38,2585.95,1883.88,2397.36,1257.72,1153.11,1455.77,1479.05,1926.29,1691.41,1961.42,2066.46,2719.15,3205.42,2579,2612.18,3202.14,3650.47,
大连,836.91,822.96,1109.79,1316.08,1325.56,388.35,0,673.83,942.51,1884.37,1704.44,1943.23,2025.47,1745.82,2571.23,2787.13,2167.1,1132.1,1335.38,1509.4,1931.89,2278.57,2950.01,2965.12,3141.27,3520.72,694.83,557.79,1496.68,303.59,376.14,681.6,1143.97,1787.28,1657.9,1420.91,2260.89,2116.62,1602.7,1900.61,2736.18,2034.11,2547.59,1407.95,1303.34,1606,1629.28,2076.52,1841.64,2111.65,2216.69,2869.38,3355.65,2729,2762.41,3352.37,3800.7,
长春,967.15,953.19,1240.02,1402.82,1455.8,291.84,673.03,0,281.62,2014.6,1834.68,2073.47,2155.7,1876.05,2701.47,2917.36,2297.33,1262.33,1465.61,1639.63,2062.13,2408.81,3080.25,3095.36,3271.5,3650.95,825.07,688.03,1583.42,539.62,506.38,10.38,480.18,1917.52,1788.14,1551.14,2391.12,2246.86,1732.94,2030.84,2866.42,2164.35,2677.83,1538.18,1433.57,1736.24,1759.51,2206.75,1971.88,2241.88,2346.92,2999.61,3485.89,2859,2892.65,3482.61,3930.93,
哈尔滨,1235.62,1221.67,1508.5,1671.3,1724.28,560.32,941.51,280.8,0,2283.08,2103.15,2341.95,2424.18,2144.53,2969.95,3185.84,2565.81,1530.81,1734.09,1908.11,2330.6,2677.29,3348.73,3363.83,3539.98,3919.43,1093.54,956.5,1851.9,808.09,774.86,259.87,347.62,2185.99,2056.61,1819.62,2659.6,2515.33,2001.42,2299.32,3134.89,2432.82,2946.3,1806.66,1702.05,2004.72,2027.99,2475.23,2240.35,2510.36,2615.4,3268.09,3754.37,3128,3161.13,3751.08,4199.41,
上海,1207.35,1081.29,1112.2,1682.95,1325.01,1728.91,1881.33,2013.86,2282.53,0,296.93,177.9,213.73,469.42,789.8,1035.31,770.75,838,718.92,947.68,828.56,1094.76,1497.01,1507.93,1892.13,2067.72,1192.08,1335.56,1863.55,1931.62,1519.42,2021.63,2483.99,133.55,273.23,580.13,479.46,327.8,482.62,479.53,954.75,679.67,1051.24,904.89,784.1,1016.7,890.62,1137.75,1076.64,1028.32,1258.93,1412.18,1902.65,1272,1513.28,2062.48,2347.7,
南京,1028.43,902.37,911.34,1504.02,1093.21,1549.98,1702.41,1834.93,2103.61,298.14,0,275.94,430.47,181,910.47,1155.97,602.28,637.14,569.72,671.1,540.14,906.64,1389.39,1400.3,1769.33,1960.1,1013.16,1156.64,1684.62,1752.69,1340.5,1842.7,2305.07,184.6,107.1,342.22,600.12,455.86,206.05,285.27,1075.42,469.3,982.77,755.69,548.99,740.13,614.05,849.33,788.23,794.03,939.86,1304.56,1795.03,1164,1390.48,1954.86,2240.08,
杭州,1268.13,1142.08,1172.98,1743.73,1355.66,1789.69,1942.11,2074.64,2343.31,175.82,275.96,0,155.15,421.55,635.7,881.21,592.27,898.79,810.43,933.56,723.34,916.28,1318.53,1329.44,1713.65,1889.23,1252.86,1396.34,1924.33,1992.4,1580.2,2082.41,2544.78,201.47,290.81,604.67,325.36,181.09,468.5,410.17,800.65,495.69,872.76,996.4,811.44,1002.59,876.5,1029.41,1028.64,914.86,1080.44,1233.7,1724.17,1094,1334.8,1883.99,2169.21,
宁波,1356.41,1230.36,1261.26,1832.01,1474.07,1877.97,2030.39,2162.92,2431.59,218.61,428.49,154.24,0,574.08,578.48,823.99,688.45,987.07,898.71,1086.09,893.83,1012.46,1414.71,1393.23,1809.83,1985.42,1341.14,1484.62,2012.61,2080.68,1668.48,2170.69,2633.06,270.5,417.19,729.19,268.14,245.49,621.03,562.7,743.43,666.17,968.94,1084.68,933.16,1155.12,1029.03,1199.89,1181.17,1085.34,1176.62,1329.88,1820.35,1190,1430.98,1980.18,2265.39,
合肥,1038.69,943.02,914.8,1528.39,1002.04,1593.36,1745.79,1878.32,2146.99,469.92,169.49,420.22,574.74,0,930.84,1058.91,438.88,640.61,710.42,579.74,381.04,747.53,1225.99,1236.9,1610.22,1796.69,1056.54,1200.02,1592.69,1796.07,1383.88,1886.09,2348.45,356.39,253.61,336.14,720.96,530.59,163.27,172.39,1043.48,305.89,819.37,896.39,490.47,648.77,522.68,690.23,629.12,634.93,780.76,1141.16,1631.63,1001,1231.37,1791.45,2076.67,
福州,1897.56,1771.5,1782.47,2369.41,1843.06,2419.11,2571.54,2704.07,2972.74,790.16,912.43,637.96,579.29,930.31,0,268.79,578.23,1528.21,1439.86,1420.41,918.46,902.24,934.09,838.03,1526.56,1471.21,1882.29,2025.77,2473.78,2621.82,2209.63,2711.84,3174.2,811.64,927.27,1241.14,322.85,545.46,1075.48,776.27,188.23,691,588.69,1625.83,1402.68,1469.2,1343.11,1224.52,1235.92,1030.34,1066.41,806.96,1306.15,788,1320.76,1465.97,1751.19,
厦门,2085.52,1989.85,1902.81,2489.75,1963.4,2640.2,2792.63,2925.15,3193.83,1034.33,1156.6,882.13,823.47,1064.94,268.69,0,698.57,1687.45,1684.03,1540.75,1038.8,877.96,700.11,604.05,1292.58,1237.23,2103.38,2246.86,2594.13,2842.91,2430.72,2932.92,3395.29,1055.82,1171.45,1382.98,567.03,789.63,1210.11,896.61,96.12,811.34,443.05,1870,1537.31,1589.54,1463.45,1314.35,1356.26,1006.05,1042.12,572.98,1072.17,643,1182.61,1231.99,1517.21,
南昌,1429.32,1362.73,1228.54,1815.49,1289.13,2013.07,2165.5,2298.02,2566.7,769.75,589.2,587.58,676.76,437.81,577.82,691.27,0,1060.32,1130.13,866.48,364.53,392.82,795.07,805.98,1190.19,1365.78,1476.25,1619.73,1919.86,2215.78,1803.59,2305.79,2768.16,786.07,673.32,755.85,649.81,459.43,582.98,343.74,675.84,137.07,388.45,1316.1,910.18,915.27,789.18,670.6,681.99,391.2,556.99,710.24,1200.71,570,811.34,1360.54,1645.76,
济南,424.56,328.89,300.68,900.15,513.49,979.24,1131.66,1264.19,1532.86,858.54,655.93,917.41,999.64,658.7,1545.41,1700.01,1079.98,0,365.35,461.16,865.32,1211.92,1867.08,1878,2074.62,2437.79,442.41,585.89,1080.75,1181.95,769.75,1271.96,1734.33,761.46,632.08,333.79,1235.06,1090.8,515.58,813.49,1684.58,946.99,1460.47,458.96,216.22,566.87,562.63,1009.87,774.99,1045,1150.04,1782.26,2272.72,1642,1695.76,2285.72,2717.77,
青岛,660.55,534.49,641.15,1136.14,853.96,1182.1,1334.53,1467.05,1735.73,721.21,569.74,811.3,893.54,709.68,1439.3,1684.8,1130.96,366.55,0,730.81,1068.82,1435.31,1918.07,1928.98,2298,2488.77,645.28,788.76,1316.74,1384.81,972.62,1474.82,1937.19,655.35,525.97,435.69,1128.95,984.69,617.48,844.12,1604.25,997.97,1511.45,249.87,426,836.51,832.27,1279.51,1044.64,1314.64,1419.68,1833.24,2323.71,1693,1919.15,2483.53,2768.75,
郑州,696.95,698.35,418.31,960.78,434.43,1348.7,1501.12,1633.65,1902.32,945.64,666.99,929.97,1074.93,574.97,1416.68,1530.13,862.87,438.22,725.94,0,508,807.13,1478.57,1583.58,1669.82,2049.28,811.87,955.35,1025.08,1551.41,1139.21,1641.42,2103.79,832.1,709.04,380.71,1254.15,1095.45,482.54,737.25,1514.7,729.88,1243.36,898.66,317.56,141.96,141.57,625.19,390.32,660.32,765.36,1565.15,1884.21,1266,1290.97,1880.93,2329.26,
武汉,1147.44,1126.07,889.67,1460.46,934.1,1776.41,1928.84,2061.37,2330.04,829.44,529.01,729.11,900.89,379.36,924.34,1037.79,370.52,847.05,1069.94,511.46,0,343.32,1014.76,1119.76,1206.01,1585.47,1239.59,1383.07,1562.88,1979.12,1566.93,2069.14,2531.5,715.91,613.13,673.73,845.74,655.36,493.3,366.06,1022.36,237.54,751.02,1255.91,726.4,556.5,430.41,325.37,325.02,230.72,409.99,1072.81,1420.4,802,827.16,1417.12,1865.45,
长沙,1494.41,1473.03,1225.72,1748.71,1222.35,2123.38,2275.81,2408.33,2677.01,1093.78,894.94,911.61,1000.79,745.3,901.85,870.54,393.17,1194.01,1435.87,809.04,343.99,0,697.96,802.96,889.21,1268.67,1586.56,1730.04,1824.47,2326.09,1913.9,2416.1,2878.47,1081.84,979.07,1037.19,973.83,783.45,859.23,664,938.86,522.54,502.2,1621.84,1073.36,817.96,691.87,463.87,556.14,155.57,165.03,790.6,1103.6,486,510.36,1100.32,1548.65,
广州,2162.85,2141.48,1894.16,2417.15,1890.79,2791.82,2944.25,3076.77,3345.45,1494.06,1374.95,1311.89,1401.07,1223.56,930.62,689.74,793.46,1862.45,1915.88,1477.48,1012.43,696.11,0,140.93,602.56,581.73,2255,2398.48,2492.92,2994.53,2582.34,3084.54,3546.91,1510.37,1459.07,1541.6,1228.96,1183.74,1368.73,1129.49,758.06,922.82,439.98,2101.85,1741.8,1486.4,1360.31,1132.31,1224.58,824.01,855.68,135.44,416.66,235,492.59,576.49,861.71,
深圳,2227.33,2160.73,1994.59,2517.58,1991.22,2811.08,2963.5,3096.03,3364.7,1506.31,1387.2,1324.14,1392.17,1235.81,837.39,596.5,805.71,1858.32,1928.13,1577.91,1112.86,796.54,135.05,0,727.72,657.48,2274.25,2417.73,2593.34,3013.79,2601.59,3103.8,3566.16,1522.63,1471.33,1553.86,1135.73,1195.99,1380.98,1141.75,664.82,935.07,452.23,2114.1,1708.18,1586.83,1460.74,1232.74,1325.01,924.44,956.11,96.02,492.41,336,617.55,652.24,937.46,
南宁,2356.49,2335.11,2087.8,2610.79,2084.43,2985.46,3137.89,3270.41,3539.09,1890.65,1757.02,1708.48,1797.67,1607.37,1533.83,1292.94,1190.05,2056.09,2297.95,1671.12,1206.07,889.75,599.84,733.15,0,471.17,2448.64,2592.12,2686.55,3188.17,2775.98,3278.18,3740.55,1906.97,1841.15,1899.26,1770.71,1580.33,1721.31,1526.08,1361.26,1319.42,1028.94,2483.92,1935.44,1680.04,1553.95,1325.95,1418.22,1017.65,1049.32,738.65,320.24,824,386.78,224.65,751.14,
海口,2737.93,2716.55,2469.24,2992.23,2465.87,3366.9,3519.33,3651.85,3920.53,2069.13,1950.03,1886.96,1976.15,1798.64,1471.31,1230.43,1368.53,2437.53,2490.95,2052.56,1587.51,1271.19,580.74,664.16,473.69,0,2830.08,2973.56,3067.99,3569.61,3157.42,3659.62,4121.99,2085.45,2034.15,2116.68,1769.65,1758.81,1943.81,1704.57,1298.75,1497.9,1015.05,2676.92,2316.88,2061.48,1935.39,1707.39,1799.66,1399.09,1430.76,693.04,173.35,810,845.16,327.08,283.55,
唐山,179.5,133.75,420.58,658.67,636.35,543.37,695.8,828.32,1097,1195.16,1015.23,1254.02,1336.26,1056.61,1882.02,2097.92,1477.89,442.89,646.17,820.19,1242.68,1589.36,2260.8,2275.91,2452.06,2831.51,0,150.03,839.27,746.08,333.89,836.09,1298.46,1098.07,968.69,731.7,1571.68,1427.41,913.49,1211.4,2046.97,1344.9,1858.38,718.74,614.13,916.79,940.07,1387.31,1152.43,1422.44,1527.48,2180.17,2666.44,2040,2073.2,2663.16,3111.49,
秦皇岛,291.08,277.12,563.96,770.25,779.73,403.72,556.15,688.68,957.35,1338.53,1158.61,1397.4,1479.64,1199.99,2025.4,2241.3,1621.27,586.27,789.55,963.57,1386.06,1732.74,2404.18,2419.29,2595.43,2974.89,149,0,950.85,606.43,194.24,696.45,1158.81,1241.45,1112.07,875.08,1715.06,1570.79,1056.87,1354.78,2190.35,1488.28,2001.76,862.12,757.51,1060.17,1083.44,1530.68,1295.81,1565.82,1670.86,2323.55,2809.82,2183,2216.58,2806.54,3254.87,
包头,664.3,794.74,754.79,185.74,587.49,1349.12,1501.55,1589.58,1858.25,1869.42,1695.35,1928.29,2010.52,1588.46,2486.41,2599.86,1932.6,1084.4,1320.43,1020.44,1565.21,1825.17,2496.61,2601.62,2687.87,3067.32,844.02,955.78,0,1551.83,1139.64,1597.35,2059.71,1772.34,1642.96,1373.21,2245.94,2101.68,1555.01,1750.74,2584.43,1799.61,2301.04,1393.01,1255.64,1007.7,1129.97,1531.2,1296.32,1678.37,1671.37,2589.25,2902.25,2284,2309.01,2898.97,3347.3,
丹东,888.75,874.79,1161.62,1367.91,1377.4,253.27,305.51,541.17,809.84,1936.2,1756.28,1995.07,2077.31,1797.66,2623.07,2838.97,2218.93,1183.93,1387.21,1561.23,1983.73,2330.41,3001.85,3016.96,3193.1,3572.56,746.67,609.63,1548.52,0,427.98,548.94,1011.3,1839.12,1709.74,1472.75,2312.72,2168.46,1654.54,1952.44,2788.02,2085.95,2599.43,1459.79,1355.18,1657.84,1681.11,2128.35,1893.48,2163.49,2268.52,2921.22,3407.49,2781,2814.25,3404.21,3852.54,
锦州,474.55,460.59,747.43,953.72,963.2,225.88,378.31,508.64,777.31,1522,1342.08,1580.87,1663.11,1383.46,2208.87,2424.77,1804.74,769.73,973.01,1147.03,1569.53,1916.21,2587.65,2602.76,2778.9,3158.36,332.47,195.43,1134.32,428.59,0,516.41,978.77,1424.92,1295.54,1058.55,1898.53,1754.26,1240.34,1538.25,2373.82,1671.75,2185.23,1045.59,940.98,1243.64,1266.91,1714.15,1479.28,1749.29,1854.32,2507.02,2993.29,2367,2400.05,2990.01,3438.34,
吉林,976,962.04,1248.88,1411.68,1464.65,300.7,681.89,9.42,261,2023.45,1843.53,2082.32,2164.56,1884.91,2710.32,2926.22,2306.19,1271.18,1474.46,1648.48,2070.98,2417.66,3089.1,3104.21,3280.35,3659.81,833.92,696.88,1592.28,548.47,515.23,0,543.87,1926.37,1796.99,1560,2399.98,2255.71,1741.79,2039.7,2875.27,2173.2,2686.68,1547.04,1442.43,1745.09,1768.36,2215.6,1980.73,2250.74,2355.77,3008.47,3494.74,2968,2901.5,3491.46,3939.79,
牡丹江,1440.24,1426.28,1713.11,1875.91,1928.89,764.93,1146.12,481.96,349.43,2487.69,2307.77,2546.56,2628.79,2349.14,3174.56,3390.45,2770.42,1735.42,1938.7,2112.72,2535.22,2881.9,3553.34,3568.45,3744.59,4124.04,1298.16,1161.12,2056.51,1012.71,979.47,545.81,0,2390.61,2261.23,2024.23,2864.21,2719.95,2206.03,2503.93,3339.51,2637.44,3150.92,2011.27,1906.66,2209.33,2232.6,2679.84,2444.97,2714.97,2820.01,3472.7,3958.98,3333,3365.74,3955.7,4404.02,
无锡,1109.07,983.01,1013.91,1584.66,1226.72,1630.62,1783.05,1915.57,2184.25,134.05,184.14,200.6,263.35,356.63,809.11,1054.61,783.65,739.72,651.36,834.89,715.77,1082.26,1509.91,1520.82,1905.03,2080.61,1093.8,1237.28,1765.26,1833.33,1421.14,1923.34,2385.71,0,167.45,481.84,498.76,354.5,369.83,459.5,974.06,644.92,1064.14,837.33,685.82,903.91,777.83,1024.96,963.85,969.66,1115.49,1425.08,1915.55,1285,1526.18,2075.37,2360.59,
扬州,980.29,854.23,885.13,1455.88,1097.94,1501.84,1654.27,1786.79,2055.47,274.06,105.56,291.69,411.78,253.52,926.21,1171.72,674.8,610.94,522.58,712.52,612.66,979.15,1461.9,1472.82,1841.84,2032.61,965.02,1108.5,1636.48,1704.55,1292.36,1794.56,2256.93,168.95,0,353.06,615.87,471.6,247.47,384.2,1091.16,541.81,1055.29,708.55,557.04,781.55,655.46,921.85,868.05,866.55,1012.38,1377.08,1867.54,1237,1462.99,2027.37,2312.59,
徐州,706.53,610.86,582.65,1182.12,776.84,1261.21,1413.63,1546.16,1814.83,580.98,341.82,604.8,722.08,335.32,1248.55,1376.63,756.59,308.45,435.96,384.81,673.24,1036.44,1543.7,1554.62,1899.13,2114.41,724.38,867.86,1362.73,1463.92,1051.72,1553.93,2016.3,483.89,354.51,0,928.98,784.71,192.2,490.1,1361.19,623.61,1137.09,621.93,220.3,490.52,444.41,891.87,657,897.96,1032.04,1458.87,1949.34,1319,1520.28,2109.17,2394.39,
温州,1585.44,1459.38,1490.28,2061.03,1680.01,2106.99,2259.42,2391.94,2660.62,478.04,600.31,325.84,267.17,720.63,321.96,567.47,650.26,1216.09,1127.74,1257.9,839.58,974.28,1232.77,1136.71,1771.65,1769.9,1570.17,1713.65,2241.63,2309.7,1897.51,2399.71,2862.08,499.52,615.15,929.01,0,233.34,792.85,664.34,486.91,611.92,930.75,1313.7,1135.78,1326.93,1200.84,1145.64,1157.04,1031.09,1138.44,1105.64,1604.83,1152,1392.79,1764.66,2049.88,
金华,1442.28,1316.23,1347.13,1917.88,1522.24,1963.84,2116.26,2248.79,2517.46,327.5,457.15,182.68,234.52,531.36,542.02,787.53,461,1072.93,984.58,1099.94,650.32,785.01,1187.26,1198.17,1582.38,1757.97,1427.01,1570.49,2098.48,2166.55,1754.35,2256.56,2718.92,356.37,471.99,785.86,231.68,0,649.69,475.08,706.97,422.66,741.49,1170.55,992.63,1168.97,1042.89,956.38,967.78,841.83,949.18,1102.43,1592.9,962,1203.53,1752.73,2037.95,
蚌埠,895.69,800.02,771.8,1371.28,909.65,1450.36,1602.79,1735.32,2003.99,484.67,206.02,469,613.96,162.19,1075.42,1203.5,583.46,497.61,617.76,487.54,493.22,859.71,1370.57,1381.49,1722.4,1941.28,913.54,1057.02,1551.88,1653.07,1240.88,1743.09,2205.45,371.14,248.07,193.14,793.18,648.92,0,316.97,1188.07,450.48,963.96,803.73,347.47,556.57,430.48,802.41,643.07,747.11,892.94,1285.75,1776.21,1146,1343.55,1936.04,2221.26,
安庆,1192.36,1096.69,1068.48,1667.96,1162.65,1747.04,1899.47,2031.99,2300.67,479.03,286.08,409.41,563.94,171.78,776.35,889.8,345.96,794.28,844.81,740.36,360.73,664.85,1133.07,1143.98,1527.54,1703.78,1210.22,1353.7,1848.56,1949.75,1537.56,2039.76,2502.13,459.45,383.66,489.82,663.75,473.37,316.95,0,874.37,212.97,712.35,1030.78,644.14,809.39,683.3,666.79,678.19,552.24,751.41,1048.24,1538.71,908,1148.69,1698.54,1983.75,
泉州,2063.59,1935.32,1880.88,2467.82,1941.47,2582.93,2735.35,2867.88,3136.55,953.97,1076.24,801.77,743.11,1043.01,188.33,95.88,676.64,1665.52,1603.67,1518.82,1016.87,939.03,761.18,665.12,1353.65,1298.31,2046.1,2189.58,2572.2,2785.64,2373.44,2875.65,3338.01,975.46,1091.08,1361.05,486.67,709.27,1188.18,874.68,0,789.41,504.12,1789.64,1515.38,1567.61,1441.52,1322.93,1334.33,1067.12,1103.19,634.05,1133.24,704,1243.68,1293.07,1578.28,
九江,1297.55,1230.95,1096.76,1683.71,1157.35,1881.3,2033.72,2166.25,2434.92,679.4,457.42,495.43,667.22,306.03,690.86,804.3,137.04,928.54,998.35,734.71,232.76,521.9,924.15,935.06,1319.27,1494.86,1344.47,1487.95,1788.08,2084.01,1671.81,2174.02,2636.38,644.32,541.55,624.08,612.07,421.69,451.2,211.97,788.87,0,517.53,1184.32,778.4,783.49,657.41,538.82,550.22,424.27,686.06,839.32,1329.79,699,940.42,1489.62,1774.83,
赣州,1810.9,1744.3,1610.11,2197.06,1670.7,2394.65,2547.07,2679.6,2948.27,1049.05,970.77,866.88,956.06,819.39,588.72,435.56,389.28,1441.89,1511.7,1248.06,746.11,503.45,440.71,451.62,1026.93,1011.41,1857.82,2001.3,2300.45,2597.36,2185.16,2687.37,3149.74,1065.36,1054.9,1137.43,929.1,738.72,964.55,711.77,503.88,518.65,0,1697.67,1291.75,1296.85,1170.76,939.84,1032.11,631.54,667.61,355.88,846.35,216,762.58,1006.17,1291.39,
烟台,731.19,605.13,732.2,1206.78,945.01,1252.74,1405.17,1537.7,1806.37,906.53,755.07,996.63,1078.86,895.01,1624.63,1870.13,1316.29,457.59,249.74,901.79,1254.15,1620.64,2103.39,2114.31,2483.33,2674.1,715.92,859.4,1387.38,1455.45,1043.26,1545.47,2007.83,840.68,711.3,621.02,1314.28,1170.02,802.81,1029.44,1789.58,1183.3,1696.78,0,611.33,1007.49,1003.25,1450.49,1215.62,1485.62,1590.66,2018.57,2509.03,1878,2104.48,2668.86,2954.08,
济宁,588.45,492.78,464.57,1064.05,677.38,1143.13,1295.56,1428.08,1696.76,777.28,540.48,803.46,918.38,488.86,1402.1,1530.17,910.14,190.38,417.92,322.43,726.58,1073.19,1744.63,1708.16,1935.88,2315.34,606.31,749.79,1244.65,1345.84,933.65,1435.85,1898.22,680.19,550.81,218.34,1127.64,983.38,345.74,643.65,1514.74,777.15,1290.63,603.89,0,428.13,423.89,871.13,636.26,906.26,1011.3,1612.42,2150.27,1472,1557.03,2146.99,2595.31,
洛阳,798.86,800.26,520.22,943.39,417.04,1450.61,1603.03,1735.56,2004.23,1017.9,739.25,1002.24,1147.19,647.23,1468.29,1581.74,914.48,549.87,837.59,136.32,556.16,815.75,1487.19,1592.19,1678.44,2057.9,913.78,1057.26,1008.59,1653.32,1241.12,1743.33,2205.7,904.37,781.3,492.36,1326.41,1167.71,554.81,809.52,1566.31,781.49,1294.97,1010.31,429.21,0,132.94,581.09,346.22,668.94,721.27,1579.83,1892.83,1275,1299.59,1889.55,2337.87,
平顶山,832.19,823.8,553.55,1065.24,538.88,1474.15,1626.57,1759.1,2027.77,892.51,613.86,876.84,1021.8,521.84,1342.9,1456.35,789.08,544.78,832.5,143.17,430.77,690.36,1361.8,1466.8,1553.05,1932.5,937.32,1080.8,1130.44,1676.86,1264.66,1766.87,2229.23,778.98,655.91,445.28,1201.02,1042.32,429.42,684.12,1440.92,656.1,1169.58,1005.22,424.12,134.49,0,508.6,273.73,543.55,648.77,1454.44,1767.44,1149,1174.2,1764.16,2212.48,
宜昌,1293.54,1272.16,1024.33,1514.57,988.21,1922.51,2074.93,2207.46,2476.13,1140.31,839.88,1029.02,1200.8,690.23,1224.25,1306.97,670.43,993.14,1280.86,628.31,319.34,462.76,1134.2,1239.21,1325.45,1704.91,1385.68,1529.16,1531.28,2125.22,1713.02,2215.23,2677.6,1026.78,924,893.84,1145.65,955.27,804.17,665.97,1322.26,537.45,938.63,1453.58,872.49,583.81,511.32,0,248.16,315.96,294.26,1226.84,1539.84,922,946.6,1536.56,1984.89,
襄樊,1056.95,1035.57,787.74,1277.98,751.62,1685.92,1838.35,1970.87,2239.55,1076.51,776.07,1026.51,1181.04,626.42,1230.63,1344.07,676.81,756.55,1044.28,391.72,309.43,569.39,1240.83,1345.83,1432.08,1811.53,1149.1,1292.58,1294.7,1888.63,1476.44,1978.64,2441.01,962.97,867.88,657.25,1152.02,961.64,641.38,672.35,1328.64,543.82,1045.25,1217,635.9,347.23,274.73,268.26,0,422.58,408.43,1333.47,1646.47,1028,1053.23,1643.19,2091.51,
岳阳,1326.72,1305.35,1057.51,1601.16,1074.8,1955.69,2108.12,2240.64,2509.32,1027.15,782.35,914.45,1086.23,632.7,1029.89,998.58,390.83,1026.32,1314.05,661.49,231.39,154.37,825.81,930.81,1017.06,1396.52,1418.87,1562.35,1676.93,2158.4,1746.21,2248.41,2710.78,969.25,866.47,898.84,1031.08,840.7,746.63,551.4,1066.9,422.88,630.24,1486.77,905.67,670.41,544.32,316.32,408.59,0,318.77,918.45,1231.45,613,638.21,1228.17,1676.5,
常德,1429.89,1408.52,1160.68,1650.92,1124.57,2058.86,2211.29,2343.82,2612.49,1259.05,926.48,1076.88,1166.06,776.83,1067.12,1035.81,558.44,1129.49,1417.22,764.66,400.83,166.83,858.49,963.49,1049.74,1429.19,1522.04,1665.52,1667.64,2261.57,1849.38,2351.59,2813.95,1113.38,1010.6,1030.19,1139.1,948.72,890.76,747.46,1104.13,687.81,667.47,1589.94,1008.84,720.17,647.68,292.31,384.52,197.21,0,951.13,1264.13,646,670.89,1260.85,1709.17,
惠州,2132.91,2066.32,1932.13,2519.08,1992.72,2716.66,2869.09,3001.62,3270.29,1411.9,1292.79,1229.73,1318.91,1141.4,806.8,565.91,711.3,1763.91,1833.72,1570.07,1068.12,800.95,149.69,98.46,742.16,693.99,2179.84,2323.32,2597.76,2919.37,2507.18,3009.39,3471.75,1428.22,1376.91,1459.44,1105.14,1101.58,1286.57,1047.33,634.23,840.66,357.82,2019.69,1613.77,1591.24,1465.15,1237.15,1329.42,928.85,960.52,0,528.92,340,632.19,688.75,973.96,
湛江,2572.19,2550.81,2303.5,2826.49,2300.13,3201.16,3353.59,3486.11,3754.79,1903.4,1784.29,1721.23,1810.41,1632.9,1305.57,1064.69,1202.79,2271.79,2325.21,1886.82,1421.77,1105.45,415,498.42,321.45,172.99,2664.34,2807.82,2902.25,3403.87,2991.68,3493.88,3956.25,1919.71,1868.41,1950.94,1603.91,1593.07,1778.07,1538.83,1133.01,1332.16,849.31,2511.18,2151.14,1895.74,1769.65,1541.65,1633.92,1233.35,1265.02,527.3,0,644,692.92,174.84,452.97,
韶关,1955.14,1924.89,1686.45,2209.44,1683.08,2575.23,2727.66,2860.19,3128.86,1270.47,1151.36,1088.3,1177.48,999.97,788.23,635.07,569.87,1622.48,1692.29,1269.77,804.72,488.4,238.9,343.9,825.12,809.6,2038.41,2181.89,2285.2,2777.94,2365.75,2867.96,3330.32,1286.79,1235.48,1318.01,1150.52,960.15,1145.14,905.9,703.39,699.23,216.39,1878.26,1472.34,1278.69,1152.6,924.6,1016.87,616.3,647.97,331.54,644.54,0,645.43,804.36,1089.58,
桂林,1983.12,1961.74,1714.43,2237.42,1711.06,2612.09,2764.51,2897.04,3165.71,1517.28,1383.65,1335.11,1424.3,1234,1325.35,1168.56,816.68,1682.72,1924.58,1297.75,832.7,516.38,475.36,609.1,386.3,843.93,2075.26,2218.74,2313.18,2814.8,2402.6,2904.81,3367.17,1533.6,1467.77,1525.89,1397.34,1206.96,1347.93,1152.7,1236.88,946.04,764.93,2110.55,1562.07,1306.66,1180.58,952.57,1044.85,644.28,675.94,614.27,693,648,0,597.41,1123.91,
北海,2567.03,2545.66,2298.35,2821.33,2294.98,3196.01,3348.43,3480.96,3749.63,2061.72,1942.61,1879.55,1968.73,1791.22,1463.9,1223.01,1361.12,2266.64,2483.54,1881.66,1416.61,1100.3,573.32,656.75,225.86,324.17,2659.18,2802.66,2897.1,3398.72,2986.52,3488.73,3951.09,2078.04,2026.73,2109.26,1762.24,1751.4,1936.39,1697.15,1291.33,1490.48,1007.64,2669.51,2145.98,1890.58,1764.5,1536.49,1628.77,1228.2,1259.86,685.63,173.25,803,597.33,0,604.15,
三亚,3017.3,2995.93,2748.62,3271.6,2745.25,3646.28,3798.7,3931.23,4199.9,2348.51,2229.4,2166.34,2255.53,2078.01,1750.69,1509.8,1647.91,2716.91,2770.33,2331.93,1866.88,1550.57,860.11,943.54,753.06,282.82,3109.45,3252.93,3347.37,3848.99,3436.79,3939,4401.36,2364.83,2313.53,2396.06,2049.03,2038.19,2223.18,1983.95,1578.13,1777.27,1294.43,2956.3,2596.25,2340.85,2214.77,1986.76,2079.04,1678.47,1710.13,972.42,452.72,1090,1124.53,606.45,0,
